"","V1"
"1","Comunidades y Ciudades Autónomas;Periodo año mes;Total Nacimientos"
"2","08 Castilla - La Mancha;2020M12;975"
"3","08 Castilla - La Mancha;2020M11;1.156"
"4","08 Castilla - La Mancha;2020M10;1.351"
"5","08 Castilla - La Mancha;2020M09;1.299"
"6","08 Castilla - La Mancha;2020M08;1.298"
"7","08 Castilla - La Mancha;2020M07;1.345"
"8","08 Castilla - La Mancha;2020M06;1.257"
"9","08 Castilla - La Mancha;2020M05;1.262"
"10","08 Castilla - La Mancha;2020M04;1.156"
"11","08 Castilla - La Mancha;2020M03;1.250"
"12","08 Castilla - La Mancha;2020M02;1.158"
"13","08 Castilla - La Mancha;2020M01;1.231"
"14","08 Castilla - La Mancha;2019M12;1.213"
"15","08 Castilla - La Mancha;2019M11;1.189"
"16","08 Castilla - La Mancha;2019M10;1.308"
"17","08 Castilla - La Mancha;2019M09;1.318"
"18","08 Castilla - La Mancha;2019M08;1.382"
"19","08 Castilla - La Mancha;2019M07;1.396"
"20","08 Castilla - La Mancha;2019M06;1.294"
"21","08 Castilla - La Mancha;2019M05;1.312"
"22","08 Castilla - La Mancha;2019M04;1.225"
"23","08 Castilla - La Mancha;2019M03;1.304"
"24","08 Castilla - La Mancha;2019M02;1.153"
"25","08 Castilla - La Mancha;2019M01;1.222"
"26","08 Castilla - La Mancha;2018M12;1.276"
"27","08 Castilla - La Mancha;2018M11;1.241"
"28","08 Castilla - La Mancha;2018M10;1.459"
"29","08 Castilla - La Mancha;2018M09;1.324"
"30","08 Castilla - La Mancha;2018M08;1.374"
"31","08 Castilla - La Mancha;2018M07;1.391"
"32","08 Castilla - La Mancha;2018M06;1.358"
"33","08 Castilla - La Mancha;2018M05;1.342"
"34","08 Castilla - La Mancha;2018M04;1.221"
"35","08 Castilla - La Mancha;2018M03;1.255"
"36","08 Castilla - La Mancha;2018M02;1.220"
"37","08 Castilla - La Mancha;2018M01;1.384"
"38","08 Castilla - La Mancha;2017M12;1.358"
"39","08 Castilla - La Mancha;2017M11;1.384"
"40","08 Castilla - La Mancha;2017M10;1.516"
"41","08 Castilla - La Mancha;2017M09;1.434"
"42","08 Castilla - La Mancha;2017M08;1.473"
"43","08 Castilla - La Mancha;2017M07;1.526"
"44","08 Castilla - La Mancha;2017M06;1.430"
"45","08 Castilla - La Mancha;2017M05;1.421"
"46","08 Castilla - La Mancha;2017M04;1.237"
"47","08 Castilla - La Mancha;2017M03;1.437"
"48","08 Castilla - La Mancha;2017M02;1.291"
"49","08 Castilla - La Mancha;2017M01;1.357"
"50","08 Castilla - La Mancha;2016M12;1.424"
"51","08 Castilla - La Mancha;2016M11;1.436"
"52","08 Castilla - La Mancha;2016M10;1.517"
"53","08 Castilla - La Mancha;2016M09;1.546"
"54","08 Castilla - La Mancha;2016M08;1.578"
"55","08 Castilla - La Mancha;2016M07;1.579"
"56","08 Castilla - La Mancha;2016M06;1.550"
"57","08 Castilla - La Mancha;2016M05;1.360"
"58","08 Castilla - La Mancha;2016M04;1.362"
"59","08 Castilla - La Mancha;2016M03;1.503"
"60","08 Castilla - La Mancha;2016M02;1.405"
"61","08 Castilla - La Mancha;2016M01;1.532"
"62","08 Castilla - La Mancha;2015M12;1.551"
"63","08 Castilla - La Mancha;2015M11;1.445"
"64","08 Castilla - La Mancha;2015M10;1.591"
"65","08 Castilla - La Mancha;2015M09;1.548"
"66","08 Castilla - La Mancha;2015M08;1.470"
"67","08 Castilla - La Mancha;2015M07;1.619"
"68","08 Castilla - La Mancha;2015M06;1.491"
"69","08 Castilla - La Mancha;2015M05;1.551"
"70","08 Castilla - La Mancha;2015M04;1.531"
"71","08 Castilla - La Mancha;2015M03;1.513"
"72","08 Castilla - La Mancha;2015M02;1.338"
"73","08 Castilla - La Mancha;2015M01;1.566"
"74","08 Castilla - La Mancha;2014M12;1.501"
"75","08 Castilla - La Mancha;2014M11;1.454"
"76","08 Castilla - La Mancha;2014M10;1.578"
"77","08 Castilla - La Mancha;2014M09;1.583"
"78","08 Castilla - La Mancha;2014M08;1.585"
"79","08 Castilla - La Mancha;2014M07;1.630"
"80","08 Castilla - La Mancha;2014M06;1.563"
"81","08 Castilla - La Mancha;2014M05;1.507"
"82","08 Castilla - La Mancha;2014M04;1.510"
"83","08 Castilla - La Mancha;2014M03;1.533"
"84","08 Castilla - La Mancha;2014M02;1.369"
"85","08 Castilla - La Mancha;2014M01;1.579"
"86","08 Castilla - La Mancha;2013M12;1.505"
"87","08 Castilla - La Mancha;2013M11;1.556"
"88","08 Castilla - La Mancha;2013M10;1.640"
"89","08 Castilla - La Mancha;2013M09;1.675"
"90","08 Castilla - La Mancha;2013M08;1.637"
"91","08 Castilla - La Mancha;2013M07;1.704"
"92","08 Castilla - La Mancha;2013M06;1.564"
"93","08 Castilla - La Mancha;2013M05;1.554"
"94","08 Castilla - La Mancha;2013M04;1.629"
"95","08 Castilla - La Mancha;2013M03;1.552"
"96","08 Castilla - La Mancha;2013M02;1.412"
"97","08 Castilla - La Mancha;2013M01;1.640"
"98","08 Castilla - La Mancha;2012M12;1.591"
"99","08 Castilla - La Mancha;2012M11;1.659"
"100","08 Castilla - La Mancha;2012M10;1.716"
"101","08 Castilla - La Mancha;2012M09;1.750"
"102","08 Castilla - La Mancha;2012M08;1.792"
"103","08 Castilla - La Mancha;2012M07;1.704"
"104","08 Castilla - La Mancha;2012M06;1.704"
"105","08 Castilla - La Mancha;2012M05;1.724"
"106","08 Castilla - La Mancha;2012M04;1.651"
"107","08 Castilla - La Mancha;2012M03;1.745"
"108","08 Castilla - La Mancha;2012M02;1.646"
"109","08 Castilla - La Mancha;2012M01;1.700"
"110","08 Castilla - La Mancha;2011M12;1.742"
"111","08 Castilla - La Mancha;2011M11;1.724"
"112","08 Castilla - La Mancha;2011M10;1.767"
"113","08 Castilla - La Mancha;2011M09;1.818"
"114","08 Castilla - La Mancha;2011M08;1.886"
"115","08 Castilla - La Mancha;2011M07;1.868"
"116","08 Castilla - La Mancha;2011M06;1.801"
"117","08 Castilla - La Mancha;2011M05;1.761"
"118","08 Castilla - La Mancha;2011M04;1.695"
"119","08 Castilla - La Mancha;2011M03;1.799"
"120","08 Castilla - La Mancha;2011M02;1.711"
"121","08 Castilla - La Mancha;2011M01;1.792"
"122","08 Castilla - La Mancha;2010M12;1.860"
"123","08 Castilla - La Mancha;2010M11;1.877"
"124","08 Castilla - La Mancha;2010M10;1.876"
"125","08 Castilla - La Mancha;2010M09;1.976"
"126","08 Castilla - La Mancha;2010M08;1.920"
"127","08 Castilla - La Mancha;2010M07;1.911"
"128","08 Castilla - La Mancha;2010M06;1.730"
"129","08 Castilla - La Mancha;2010M05;1.823"
"130","08 Castilla - La Mancha;2010M04;1.776"
"131","08 Castilla - La Mancha;2010M03;1.841"
"132","08 Castilla - La Mancha;2010M02;1.634"
"133","08 Castilla - La Mancha;2010M01;1.774"
"134","08 Castilla - La Mancha;2009M12;1.871"
"135","08 Castilla - La Mancha;2009M11;1.814"
"136","08 Castilla - La Mancha;2009M10;1.903"
"137","08 Castilla - La Mancha;2009M09;1.871"
"138","08 Castilla - La Mancha;2009M08;1.923"
"139","08 Castilla - La Mancha;2009M07;1.907"
"140","08 Castilla - La Mancha;2009M06;1.905"
"141","08 Castilla - La Mancha;2009M05;1.874"
"142","08 Castilla - La Mancha;2009M04;1.813"
"143","08 Castilla - La Mancha;2009M03;1.930"
"144","08 Castilla - La Mancha;2009M02;1.677"
"145","08 Castilla - La Mancha;2009M01;1.834"
"146","08 Castilla - La Mancha;2008M12;1.741"
"147","08 Castilla - La Mancha;2008M11;1.889"
"148","08 Castilla - La Mancha;2008M10;1.954"
"149","08 Castilla - La Mancha;2008M09;2.044"
"150","08 Castilla - La Mancha;2008M08;1.956"
"151","08 Castilla - La Mancha;2008M07;1.998"
"152","08 Castilla - La Mancha;2008M06;1.940"
"153","08 Castilla - La Mancha;2008M05;2.006"
"154","08 Castilla - La Mancha;2008M04;1.989"
"155","08 Castilla - La Mancha;2008M03;1.856"
"156","08 Castilla - La Mancha;2008M02;1.726"
"157","08 Castilla - La Mancha;2008M01;1.939"
"158","08 Castilla - La Mancha;2007M12;1.445"
"159","08 Castilla - La Mancha;2007M11;1.574"
"160","08 Castilla - La Mancha;2007M10;1.865"
"161","08 Castilla - La Mancha;2007M09;1.937"
"162","08 Castilla - La Mancha;2007M08;1.816"
"163","08 Castilla - La Mancha;2007M07;1.946"
"164","08 Castilla - La Mancha;2007M06;1.796"
"165","08 Castilla - La Mancha;2007M05;1.799"
"166","08 Castilla - La Mancha;2007M04;1.661"
"167","08 Castilla - La Mancha;2007M03;1.835"
"168","08 Castilla - La Mancha;2007M02;1.499"
"169","08 Castilla - La Mancha;2007M01;1.702"
"170","08 Castilla - La Mancha;2006M12;1.684"
"171","08 Castilla - La Mancha;2006M11;1.722"
"172","08 Castilla - La Mancha;2006M10;1.763"
"173","08 Castilla - La Mancha;2006M09;1.774"
"174","08 Castilla - La Mancha;2006M08;1.798"
"175","08 Castilla - La Mancha;2006M07;1.694"
"176","08 Castilla - La Mancha;2006M06;1.672"
"177","08 Castilla - La Mancha;2006M05;1.753"
"178","08 Castilla - La Mancha;2006M04;1.652"
"179","08 Castilla - La Mancha;2006M03;1.690"
"180","08 Castilla - La Mancha;2006M02;1.529"
"181","08 Castilla - La Mancha;2006M01;1.658"
"182","08 Castilla - La Mancha;2005M12;1.601"
"183","08 Castilla - La Mancha;2005M11;1.519"
"184","08 Castilla - La Mancha;2005M10;1.586"
"185","08 Castilla - La Mancha;2005M09;1.658"
"186","08 Castilla - La Mancha;2005M08;1.679"
"187","08 Castilla - La Mancha;2005M07;1.681"
"188","08 Castilla - La Mancha;2005M06;1.563"
"189","08 Castilla - La Mancha;2005M05;1.681"
"190","08 Castilla - La Mancha;2005M04;1.510"
"191","08 Castilla - La Mancha;2005M03;1.587"
"192","08 Castilla - La Mancha;2005M02;1.425"
"193","08 Castilla - La Mancha;2005M01;1.517"
"194","08 Castilla - La Mancha;2004M12;1.500"
"195","08 Castilla - La Mancha;2004M11;1.494"
"196","08 Castilla - La Mancha;2004M10;1.649"
"197","08 Castilla - La Mancha;2004M09;1.629"
"198","08 Castilla - La Mancha;2004M08;1.567"
"199","08 Castilla - La Mancha;2004M07;1.642"
"200","08 Castilla - La Mancha;2004M06;1.542"
"201","08 Castilla - La Mancha;2004M05;1.585"
"202","08 Castilla - La Mancha;2004M04;1.554"
"203","08 Castilla - La Mancha;2004M03;1.525"
"204","08 Castilla - La Mancha;2004M02;1.391"
"205","08 Castilla - La Mancha;2004M01;1.429"
"206","08 Castilla - La Mancha;2003M12;1.433"
"207","08 Castilla - La Mancha;2003M11;1.470"
"208","08 Castilla - La Mancha;2003M10;1.509"
"209","08 Castilla - La Mancha;2003M09;1.576"
"210","08 Castilla - La Mancha;2003M08;1.587"
"211","08 Castilla - La Mancha;2003M07;1.565"
"212","08 Castilla - La Mancha;2003M06;1.496"
"213","08 Castilla - La Mancha;2003M05;1.540"
"214","08 Castilla - La Mancha;2003M04;1.567"
"215","08 Castilla - La Mancha;2003M03;1.500"
"216","08 Castilla - La Mancha;2003M02;1.331"
"217","08 Castilla - La Mancha;2003M01;1.477"
"218","08 Castilla - La Mancha;2002M12;1.425"
"219","08 Castilla - La Mancha;2002M11;1.401"
"220","08 Castilla - La Mancha;2002M10;1.427"
"221","08 Castilla - La Mancha;2002M09;1.505"
"222","08 Castilla - La Mancha;2002M08;1.477"
"223","08 Castilla - La Mancha;2002M07;1.526"
"224","08 Castilla - La Mancha;2002M06;1.352"
"225","08 Castilla - La Mancha;2002M05;1.500"
"226","08 Castilla - La Mancha;2002M04;1.469"
"227","08 Castilla - La Mancha;2002M03;1.351"
"228","08 Castilla - La Mancha;2002M02;1.304"
"229","08 Castilla - La Mancha;2002M01;1.380"
"230","08 Castilla - La Mancha;2001M12;1.381"
"231","08 Castilla - La Mancha;2001M11;1.348"
"232","08 Castilla - La Mancha;2001M10;1.503"
"233","08 Castilla - La Mancha;2001M09;1.442"
"234","08 Castilla - La Mancha;2001M08;1.478"
"235","08 Castilla - La Mancha;2001M07;1.474"
"236","08 Castilla - La Mancha;2001M06;1.358"
"237","08 Castilla - La Mancha;2001M05;1.496"
"238","08 Castilla - La Mancha;2001M04;1.374"
"239","08 Castilla - La Mancha;2001M03;1.376"
"240","08 Castilla - La Mancha;2001M02;1.223"
"241","08 Castilla - La Mancha;2001M01;1.343"
"242","08 Castilla - La Mancha;2000M12;1.400"
"243","08 Castilla - La Mancha;2000M11;1.323"
"244","08 Castilla - La Mancha;2000M10;1.425"
"245","08 Castilla - La Mancha;2000M09;1.425"
"246","08 Castilla - La Mancha;2000M08;1.498"
"247","08 Castilla - La Mancha;2000M07;1.440"
"248","08 Castilla - La Mancha;2000M06;1.329"
"249","08 Castilla - La Mancha;2000M05;1.508"
"250","08 Castilla - La Mancha;2000M04;1.409"
"251","08 Castilla - La Mancha;2000M03;1.452"
"252","08 Castilla - La Mancha;2000M02;1.219"
"253","08 Castilla - La Mancha;2000M01;1.295"
"254","08 Castilla - La Mancha;1999M12;1.375"
"255","08 Castilla - La Mancha;1999M11;1.311"
"256","08 Castilla - La Mancha;1999M10;1.431"
"257","08 Castilla - La Mancha;1999M09;1.453"
"258","08 Castilla - La Mancha;1999M08;1.431"
"259","08 Castilla - La Mancha;1999M07;1.558"
"260","08 Castilla - La Mancha;1999M06;1.380"
"261","08 Castilla - La Mancha;1999M05;1.384"
"262","08 Castilla - La Mancha;1999M04;1.398"
"263","08 Castilla - La Mancha;1999M03;1.410"
"264","08 Castilla - La Mancha;1999M02;1.302"
"265","08 Castilla - La Mancha;1999M01;1.323"
"266","08 Castilla - La Mancha;1998M12;1.398"
"267","08 Castilla - La Mancha;1998M11;1.268"
"268","08 Castilla - La Mancha;1998M10;1.342"
"269","08 Castilla - La Mancha;1998M09;1.360"
"270","08 Castilla - La Mancha;1998M08;1.323"
"271","08 Castilla - La Mancha;1998M07;1.441"
"272","08 Castilla - La Mancha;1998M06;1.333"
"273","08 Castilla - La Mancha;1998M05;1.423"
"274","08 Castilla - La Mancha;1998M04;1.467"
"275","08 Castilla - La Mancha;1998M03;1.391"
"276","08 Castilla - La Mancha;1998M02;1.222"
"277","08 Castilla - La Mancha;1998M01;1.336"
"278","08 Castilla - La Mancha;1997M12;1.343"
"279","08 Castilla - La Mancha;1997M11;1.308"
"280","08 Castilla - La Mancha;1997M10;1.369"
"281","08 Castilla - La Mancha;1997M09;1.387"
"282","08 Castilla - La Mancha;1997M08;1.374"
"283","08 Castilla - La Mancha;1997M07;1.533"
"284","08 Castilla - La Mancha;1997M06;1.364"
"285","08 Castilla - La Mancha;1997M05;1.510"
"286","08 Castilla - La Mancha;1997M04;1.447"
"287","08 Castilla - La Mancha;1997M03;1.433"
"288","08 Castilla - La Mancha;1997M02;1.323"
"289","08 Castilla - La Mancha;1997M01;1.382"
"290","08 Castilla - La Mancha;1996M12;1.383"
"291","08 Castilla - La Mancha;1996M11;1.352"
"292","08 Castilla - La Mancha;1996M10;1.372"
"293","08 Castilla - La Mancha;1996M09;1.366"
"294","08 Castilla - La Mancha;1996M08;1.487"
"295","08 Castilla - La Mancha;1996M07;1.412"
"296","08 Castilla - La Mancha;1996M06;1.376"
"297","08 Castilla - La Mancha;1996M05;1.472"
"298","08 Castilla - La Mancha;1996M04;1.442"
"299","08 Castilla - La Mancha;1996M03;1.408"
"300","08 Castilla - La Mancha;1996M02;1.224"
"301","08 Castilla - La Mancha;1996M01;1.452"
"302","08 Castilla - La Mancha;1995M12;1.389"
"303","08 Castilla - La Mancha;1995M11;1.298"
"304","08 Castilla - La Mancha;1995M10;1.469"
"305","08 Castilla - La Mancha;1995M09;1.367"
"306","08 Castilla - La Mancha;1995M08;1.519"
"307","08 Castilla - La Mancha;1995M07;1.583"
"308","08 Castilla - La Mancha;1995M06;1.583"
"309","08 Castilla - La Mancha;1995M05;1.532"
"310","08 Castilla - La Mancha;1995M04;1.495"
"311","08 Castilla - La Mancha;1995M03;1.400"
"312","08 Castilla - La Mancha;1995M02;1.276"
"313","08 Castilla - La Mancha;1995M01;1.406"
"314","08 Castilla - La Mancha;1994M12;1.399"
"315","08 Castilla - La Mancha;1994M11;1.347"
"316","08 Castilla - La Mancha;1994M10;1.418"
"317","08 Castilla - La Mancha;1994M09;1.492"
"318","08 Castilla - La Mancha;1994M08;1.557"
"319","08 Castilla - La Mancha;1994M07;1.630"
"320","08 Castilla - La Mancha;1994M06;1.582"
"321","08 Castilla - La Mancha;1994M05;1.507"
"322","08 Castilla - La Mancha;1994M04;1.481"
"323","08 Castilla - La Mancha;1994M03;1.612"
"324","08 Castilla - La Mancha;1994M02;1.291"
"325","08 Castilla - La Mancha;1994M01;1.394"
"326","08 Castilla - La Mancha;1993M12;1.390"
"327","08 Castilla - La Mancha;1993M11;1.376"
"328","08 Castilla - La Mancha;1993M10;1.456"
"329","08 Castilla - La Mancha;1993M09;1.515"
"330","08 Castilla - La Mancha;1993M08;1.635"
"331","08 Castilla - La Mancha;1993M07;1.628"
"332","08 Castilla - La Mancha;1993M06;1.519"
"333","08 Castilla - La Mancha;1993M05;1.602"
"334","08 Castilla - La Mancha;1993M04;1.595"
"335","08 Castilla - La Mancha;1993M03;1.573"
"336","08 Castilla - La Mancha;1993M02;1.344"
"337","08 Castilla - La Mancha;1993M01;1.463"
"338","08 Castilla - La Mancha;1992M12;1.540"
"339","08 Castilla - La Mancha;1992M11;1.417"
"340","08 Castilla - La Mancha;1992M10;1.595"
"341","08 Castilla - La Mancha;1992M09;1.578"
"342","08 Castilla - La Mancha;1992M08;1.684"
"343","08 Castilla - La Mancha;1992M07;1.722"
"344","08 Castilla - La Mancha;1992M06;1.636"
"345","08 Castilla - La Mancha;1992M05;1.609"
"346","08 Castilla - La Mancha;1992M04;1.592"
"347","08 Castilla - La Mancha;1992M03;1.538"
"348","08 Castilla - La Mancha;1992M02;1.470"
"349","08 Castilla - La Mancha;1992M01;1.442"
"350","08 Castilla - La Mancha;1991M12;1.516"
"351","08 Castilla - La Mancha;1991M11;1.404"
"352","08 Castilla - La Mancha;1991M10;1.529"
"353","08 Castilla - La Mancha;1991M09;1.602"
"354","08 Castilla - La Mancha;1991M08;1.567"
"355","08 Castilla - La Mancha;1991M07;1.675"
"356","08 Castilla - La Mancha;1991M06;1.609"
"357","08 Castilla - La Mancha;1991M05;1.572"
"358","08 Castilla - La Mancha;1991M04;1.645"
"359","08 Castilla - La Mancha;1991M03;1.636"
"360","08 Castilla - La Mancha;1991M02;1.465"
"361","08 Castilla - La Mancha;1991M01;1.513"
"362","08 Castilla - La Mancha;1990M12;1.536"
"363","08 Castilla - La Mancha;1990M11;1.597"
"364","08 Castilla - La Mancha;1990M10;1.514"
"365","08 Castilla - La Mancha;1990M09;1.581"
"366","08 Castilla - La Mancha;1990M08;1.626"
"367","08 Castilla - La Mancha;1990M07;1.789"
"368","08 Castilla - La Mancha;1990M06;1.655"
"369","08 Castilla - La Mancha;1990M05;1.677"
"370","08 Castilla - La Mancha;1990M04;1.578"
"371","08 Castilla - La Mancha;1990M03;1.586"
"372","08 Castilla - La Mancha;1990M02;1.454"
"373","08 Castilla - La Mancha;1990M01;1.534"
"374","08 Castilla - La Mancha;1989M12;1.495"
"375","08 Castilla - La Mancha;1989M11;1.653"
"376","08 Castilla - La Mancha;1989M10;1.581"
"377","08 Castilla - La Mancha;1989M09;1.636"
"378","08 Castilla - La Mancha;1989M08;1.676"
"379","08 Castilla - La Mancha;1989M07;1.813"
"380","08 Castilla - La Mancha;1989M06;1.732"
"381","08 Castilla - La Mancha;1989M05;1.766"
"382","08 Castilla - La Mancha;1989M04;1.633"
"383","08 Castilla - La Mancha;1989M03;1.675"
"384","08 Castilla - La Mancha;1989M02;1.417"
"385","08 Castilla - La Mancha;1989M01;1.504"
"386","08 Castilla - La Mancha;1988M12;1.502"
"387","08 Castilla - La Mancha;1988M11;1.483"
"388","08 Castilla - La Mancha;1988M10;1.613"
"389","08 Castilla - La Mancha;1988M09;1.660"
"390","08 Castilla - La Mancha;1988M08;1.735"
"391","08 Castilla - La Mancha;1988M07;1.733"
"392","08 Castilla - La Mancha;1988M06;1.647"
"393","08 Castilla - La Mancha;1988M05;1.737"
"394","08 Castilla - La Mancha;1988M04;1.613"
"395","08 Castilla - La Mancha;1988M03;1.763"
"396","08 Castilla - La Mancha;1988M02;1.447"
"397","08 Castilla - La Mancha;1988M01;1.585"
"398","08 Castilla - La Mancha;1987M12;1.638"
"399","08 Castilla - La Mancha;1987M11;1.468"
"400","08 Castilla - La Mancha;1987M10;1.547"
"401","08 Castilla - La Mancha;1987M09;1.742"
"402","08 Castilla - La Mancha;1987M08;1.782"
"403","08 Castilla - La Mancha;1987M07;1.769"
"404","08 Castilla - La Mancha;1987M06;1.759"
"405","08 Castilla - La Mancha;1987M05;1.841"
"406","08 Castilla - La Mancha;1987M04;1.743"
"407","08 Castilla - La Mancha;1987M03;1.588"
"408","08 Castilla - La Mancha;1987M02;1.399"
"409","08 Castilla - La Mancha;1987M01;1.633"
"410","08 Castilla - La Mancha;1986M12;1.607"
"411","08 Castilla - La Mancha;1986M11;1.606"
"412","08 Castilla - La Mancha;1986M10;1.653"
"413","08 Castilla - La Mancha;1986M09;1.654"
"414","08 Castilla - La Mancha;1986M08;1.798"
"415","08 Castilla - La Mancha;1986M07;1.872"
"416","08 Castilla - La Mancha;1986M06;1.744"
"417","08 Castilla - La Mancha;1986M05;1.829"
"418","08 Castilla - La Mancha;1986M04;1.754"
"419","08 Castilla - La Mancha;1986M03;1.613"
"420","08 Castilla - La Mancha;1986M02;1.535"
"421","08 Castilla - La Mancha;1986M01;1.555"
"422","08 Castilla - La Mancha;1985M12;1.608"
"423","08 Castilla - La Mancha;1985M11;1.485"
"424","08 Castilla - La Mancha;1985M10;1.681"
"425","08 Castilla - La Mancha;1985M09;1.697"
"426","08 Castilla - La Mancha;1985M08;1.657"
"427","08 Castilla - La Mancha;1985M07;1.866"
"428","08 Castilla - La Mancha;1985M06;1.878"
"429","08 Castilla - La Mancha;1985M05;1.941"
"430","08 Castilla - La Mancha;1985M04;1.730"
"431","08 Castilla - La Mancha;1985M03;1.788"
"432","08 Castilla - La Mancha;1985M02;1.501"
"433","08 Castilla - La Mancha;1985M01;1.653"
"434","08 Castilla - La Mancha;1984M12;1.562"
"435","08 Castilla - La Mancha;1984M11;1.606"
"436","08 Castilla - La Mancha;1984M10;1.826"
"437","08 Castilla - La Mancha;1984M09;1.690"
"438","08 Castilla - La Mancha;1984M08;1.802"
"439","08 Castilla - La Mancha;1984M07;1.863"
"440","08 Castilla - La Mancha;1984M06;1.920"
"441","08 Castilla - La Mancha;1984M05;1.990"
"442","08 Castilla - La Mancha;1984M04;1.877"
"443","08 Castilla - La Mancha;1984M03;1.775"
"444","08 Castilla - La Mancha;1984M02;1.830"
"445","08 Castilla - La Mancha;1984M01;1.696"
"446","08 Castilla - La Mancha;1983M12;1.678"
"447","08 Castilla - La Mancha;1983M11;1.620"
"448","08 Castilla - La Mancha;1983M10;1.721"
"449","08 Castilla - La Mancha;1983M09;1.793"
"450","08 Castilla - La Mancha;1983M08;1.918"
"451","08 Castilla - La Mancha;1983M07;2.001"
"452","08 Castilla - La Mancha;1983M06;1.972"
"453","08 Castilla - La Mancha;1983M05;2.062"
"454","08 Castilla - La Mancha;1983M04;1.784"
"455","08 Castilla - La Mancha;1983M03;1.915"
"456","08 Castilla - La Mancha;1983M02;1.581"
"457","08 Castilla - La Mancha;1983M01;1.793"
"458","08 Castilla - La Mancha;1982M12;1.781"
"459","08 Castilla - La Mancha;1982M11;1.726"
"460","08 Castilla - La Mancha;1982M10;1.963"
"461","08 Castilla - La Mancha;1982M09;1.816"
"462","08 Castilla - La Mancha;1982M08;1.895"
"463","08 Castilla - La Mancha;1982M07;2.052"
"464","08 Castilla - La Mancha;1982M06;1.977"
"465","08 Castilla - La Mancha;1982M05;2.273"
"466","08 Castilla - La Mancha;1982M04;2.003"
"467","08 Castilla - La Mancha;1982M03;1.945"
"468","08 Castilla - La Mancha;1982M02;1.616"
"469","08 Castilla - La Mancha;1982M01;1.757"
"470","08 Castilla - La Mancha;1981M12;1.702"
"471","08 Castilla - La Mancha;1981M11;1.723"
"472","08 Castilla - La Mancha;1981M10;1.825"
"473","08 Castilla - La Mancha;1981M09;1.990"
"474","08 Castilla - La Mancha;1981M08;1.999"
"475","08 Castilla - La Mancha;1981M07;2.230"
"476","08 Castilla - La Mancha;1981M06;2.109"
"477","08 Castilla - La Mancha;1981M05;2.298"
"478","08 Castilla - La Mancha;1981M04;2.032"
"479","08 Castilla - La Mancha;1981M03;1.799"
"480","08 Castilla - La Mancha;1981M02;1.691"
"481","08 Castilla - La Mancha;1981M01;1.730"
"482","08 Castilla - La Mancha;1980M12;1.794"
"483","08 Castilla - La Mancha;1980M11;1.718"
"484","08 Castilla - La Mancha;1980M10;1.794"
"485","08 Castilla - La Mancha;1980M09;2.008"
"486","08 Castilla - La Mancha;1980M08;1.991"
"487","08 Castilla - La Mancha;1980M07;2.111"
"488","08 Castilla - La Mancha;1980M06;2.188"
"489","08 Castilla - La Mancha;1980M05;2.167"
"490","08 Castilla - La Mancha;1980M04;1.972"
"491","08 Castilla - La Mancha;1980M03;2.019"
"492","08 Castilla - La Mancha;1980M02;1.843"
"493","08 Castilla - La Mancha;1980M01;1.934"
"494","08 Castilla - La Mancha;1979M12;1.708"
"495","08 Castilla - La Mancha;1979M11;1.816"
"496","08 Castilla - La Mancha;1979M10;1.905"
"497","08 Castilla - La Mancha;1979M09;2.046"
"498","08 Castilla - La Mancha;1979M08;2.099"
"499","08 Castilla - La Mancha;1979M07;2.161"
"500","08 Castilla - La Mancha;1979M06;2.208"
"501","08 Castilla - La Mancha;1979M05;2.252"
"502","08 Castilla - La Mancha;1979M04;2.013"
"503","08 Castilla - La Mancha;1979M03;2.107"
"504","08 Castilla - La Mancha;1979M02;1.810"
"505","08 Castilla - La Mancha;1979M01;1.980"
"506","08 Castilla - La Mancha;1978M12;1.780"
"507","08 Castilla - La Mancha;1978M11;1.918"
"508","08 Castilla - La Mancha;1978M10;2.096"
"509","08 Castilla - La Mancha;1978M09;2.079"
"510","08 Castilla - La Mancha;1978M08;2.119"
"511","08 Castilla - La Mancha;1978M07;2.212"
"512","08 Castilla - La Mancha;1978M06;2.257"
"513","08 Castilla - La Mancha;1978M05;2.406"
"514","08 Castilla - La Mancha;1978M04;2.219"
"515","08 Castilla - La Mancha;1978M03;2.186"
"516","08 Castilla - La Mancha;1978M02;1.901"
"517","08 Castilla - La Mancha;1978M01;2.015"
"518","08 Castilla - La Mancha;1977M12;1.783"
"519","08 Castilla - La Mancha;1977M11;1.769"
"520","08 Castilla - La Mancha;1977M10;1.954"
"521","08 Castilla - La Mancha;1977M09;2.061"
"522","08 Castilla - La Mancha;1977M08;2.082"
"523","08 Castilla - La Mancha;1977M07;2.285"
"524","08 Castilla - La Mancha;1977M06;2.292"
"525","08 Castilla - La Mancha;1977M05;2.364"
"526","08 Castilla - La Mancha;1977M04;2.204"
"527","08 Castilla - La Mancha;1977M03;2.206"
"528","08 Castilla - La Mancha;1977M02;1.946"
"529","08 Castilla - La Mancha;1977M01;1.994"
"530","08 Castilla - La Mancha;1976M12;1.985"
"531","08 Castilla - La Mancha;1976M11;1.943"
"532","08 Castilla - La Mancha;1976M10;2.135"
"533","08 Castilla - La Mancha;1976M09;2.235"
"534","08 Castilla - La Mancha;1976M08;2.226"
"535","08 Castilla - La Mancha;1976M07;2.166"
"536","08 Castilla - La Mancha;1976M06;2.431"
"537","08 Castilla - La Mancha;1976M05;2.523"
"538","08 Castilla - La Mancha;1976M04;2.270"
"539","08 Castilla - La Mancha;1976M03;2.149"
"540","08 Castilla - La Mancha;1976M02;2.042"
"541","08 Castilla - La Mancha;1976M01;2.151"
"542","08 Castilla - La Mancha;1975M12;1.903"
"543","08 Castilla - La Mancha;1975M11;1.899"
"544","08 Castilla - La Mancha;1975M10;2.073"
"545","08 Castilla - La Mancha;1975M09;2.104"
"546","08 Castilla - La Mancha;1975M08;2.203"
"547","08 Castilla - La Mancha;1975M07;2.354"
"548","08 Castilla - La Mancha;1975M06;2.368"
"549","08 Castilla - La Mancha;1975M05;2.452"
"550","08 Castilla - La Mancha;1975M04;2.264"
"551","08 Castilla - La Mancha;1975M03;2.193"
"552","08 Castilla - La Mancha;1975M02;1.925"
"553","08 Castilla - La Mancha;1975M01;2.032"
